ad_spend,impressions,clicks,conversions,ad_spend_adstock
19352.46582352076,100715.13513092363,8220.317670209226,0,19352.46582352076
47585.001014085894,275531.4642153955,7785.874572623995,0,57261.233925846274
36867.70314875885,437743.45957944007,27234.510125370583,0,65498.320111681984
30334.265725654794,368790.194340685,7861.61289556043,1,63083.42578149578
8644.91338167939,405214.96245211037,8522.516920794615,0,40186.62627242728
8643.73149647393,332803.8496882515,22902.248741329928,1,28737.04463268757
3846.0969962417735,349215.5166137477,13767.325352290929,1,18214.61931258556
43442.631142971826,426105.86926700646,23412.961430177846,0,52549.94079926461
30454.635575417233,132337.3243410011,2428.3016481493646,0,56729.60597504953
35695.55631200623,249818.23218513883,14883.350213364836,1,64060.359299530995
2008.64022049432,118392.62649160509,1491.6012054068376,1,34038.81987025982
48525.58275593772,493957.323918357,2348.2695019329585,0,65544.99269106763
41789.68939922067,472589.0764464405,27239.90487366012,0,74562.18574475448
11404.616423235531,29319.13757056789,4607.738447969057,0,48685.70929561277
9909.42339314793,355731.8345326873,16206.410127118905,1,34252.27804095431
9986.820982818257,463371.6755336762,12627.320276720842,1,27112.96000329541
15907.869905017349,98481.91911239343,10746.62812463586,1,29464.349906665055
26713.065149979655,288293.1629707884,27045.08369777454,1,41445.240103312186
22165.30591346367,458589.2658181405,1143.7902048769402,1,42887.925965119764
15270.227869704053,26633.529507041432,20081.79574217988,0,36714.190852263935
30980.791841396593,351735.9309509516,28920.135809299736,0,49337.88726752856
7835.19917195005,155701.01361254987,17024.961412124336,1,32504.14280571433
15315.08777822569,462954.1357344999,28136.26262997621,1,31567.159181082854
18951.730321390893,485818.5401310302,2041.607438937701,0,34735.309911932316
23347.429226634762,472690.5796655826,12854.402912687761,0,40715.08418260092
39473.62210825767,242364.96616215724,8174.654833380509,0,59831.16419955813
10784.015325759627,432400.8989847636,22059.21846693153,0,40699.59742553869
26197.48748226697,423829.20528218447,29448.264169668775,1,46547.286195036315
30028.31387424008,166359.23188919527,8067.63684210531,0,53301.956971758234
3276.0702232798885,416168.5823338319,19798.150743485196,1,29927.048709159004
30769.69774317048,28133.741010591384,6343.880166412334,0,45733.22209774998
9355.682060677285,302172.24045620597,17177.24250986249,0,32222.293109552276
4187.528056278696,122704.33027097449,14186.008357305918,0,20298.674611054834
47495.39132541333,69077.77403086663,29174.157224130344,1,57644.72863094075
48315.969620653406,47707.06879831249,18451.554544545765,1,77138.33393612379
40611.470057706596,351181.50018028845,10810.437976561154,0,79180.63702576849
15926.074689495164,176538.73224635242,3865.8256541940345,1,55516.39320237941
5785.93358631281,365135.7180490931,4961.78144768057,1,33544.13018750252
34527.41829909569,42024.60699148176,7146.849433561435,0,51299.483392846945
22567.472193240465,164492.26553699907,7903.516509538791,0,48217.21388966394
6979.8735073941625,274350.73326391523,25593.173706313566,1,31088.480452226133
25263.66859545224,397454.3507710921,17056.072254334485,1,40807.9088215653
2685.0375346457013,166188.72643671426,15940.03188554381,1,23088.99194542835
45556.69970186032,316686.77445413446,3885.6817201419153,0,57101.1956745745
13680.219098400828,444129.0966357317,25874.12095380833,0,42230.816935688075
33463.59193334512,311772.96220932924,21823.02194465027,1,54579.00040118916
16273.842728381136,124150.14262928054,2496.2166760500468,0,43563.34292897572
26483.33303771273,21956.382962703632,21381.135368278177,0,48265.004502200594
27788.803687820702,436348.44821145566,16534.37741160806,1,51921.305938920996
10057.868320750826,20422.0113166897,2910.8976995299586,1,36018.52129021133
48509.64676046337,438603.81961525773,14019.868925095365,0,66518.90740556904
38981.508344694616,269179.19567333383,14798.540470336386,0,72240.96204747914
47035.44813664527,470143.17227131914,5390.348934816635,1,83155.92916038484
44846.540170954795,401403.785529096,28398.09533650833,0,86424.50475114721
30297.098961743173,498987.7141613354,25574.273458679527,0,73509.35133731678
46171.83751613273,181848.78957133798,20236.158951208694,1,82926.51318479111
5336.132600544055,385922.2615762522,14137.719049517913,1,46799.38919293961
10603.160258538115,206946.14766852866,12647.083476743,0,34002.85485500792
3216.1371566163652,245139.05394891533,19703.717280953148,0,20217.564584120326
16941.18620739995,317477.67697700136,16590.24014750371,0,27049.968499460112
20045.18719478462,438101.785951306,2337.0566235156257,1,33570.17144451468
14296.1025569209,492200.8999076546,15618.828138724784,0,31081.18827917824
41608.137948444535,386453.9727936139,24288.906708368766,0,57148.732088033656
18480.913007985873,214705.72326199355,14047.576389110263,1,47055.279052002705
14765.790974681657,216464.9311157644,2032.719037850918,1,38293.43050068301
27592.108074754175,371415.32777855685,23695.206881828977,0,46738.823325095684
7905.28702376337,127000.80142646814,6440.231573011244,1,31274.69868631121
40307.65205694795,64132.31543438338,8129.314629197144,1,55945.00140010355
4652.9815403087705,183764.8572439805,5358.837426252729,0,32625.482240360547
49357.459893425344,150747.10591050005,10241.344413709177,1,65670.20101360562
38839.99369553621,155190.97902343515,22824.169417814734,1,71675.09420233902
10737.068395174449,124467.79801445587,15821.882855366151,0,46574.61549634396
1270.5837390565175,30625.662921817322,6543.997587446021,1,24557.8914872285
40957.609994286875,18758.228019372767,26395.987305485203,0,53236.55573790112
35636.00984853324,493983.97097065544,26447.664721070112,0,62254.28771748381
36721.351234008376,219608.83553057254,26182.063538857205,1,67848.49509275028
38792.24698761134,198320.05710824401,7544.488235755409,1,72716.49453398648
4628.187934970428,343027.1685196042,13811.56065333915,1,40986.435201963664
18564.82069866936,116944.40505388145,29557.194856155817,0,39058.03829965119
6677.583916731356,475480.9801356104,23274.368051144716,1,26206.603066556952
43292.06786790408,395309.0570636205,1301.4389261540146,0,56395.36940118256
31541.60821455034,53811.391133007164,2423.5354421845154,1,59739.29291514162
17214.00321777981,214614.5801346149,14185.975615963816,1,47083.64967535062
4114.359164015158,440767.9707054607,27321.996072916023,1,27656.184001690468
16238.133764067448,472918.690922791,16391.70303960507,0,30066.225764912684
16933.982779310605,239026.74051243617,15185.468987011562,1,31967.095661766947
36750.70273856514,310571.5807132468,3611.4741487206024,1,52734.25056944861
32240.316096405444,91846.63358511686,19875.013089366676,0,58607.44138112975
44473.42438624,495672.6268071185,24752.04323770665,0,73777.14507680488
24138.531332935516,123519.13367788726,11722.390221473088,1,61027.10387133795
6860.118050976784,471938.5693262116,23380.54960229716,1,37373.669986645764
35948.99457392676,328326.85800626053,28952.061290073943,1,54635.82956724964
38278.46738222797,307791.02949064097,6511.110544266829,0,65596.38216585279
28502.582680905314,261217.3703980892,15938.224120244868,0,61300.773763831705
38777.39181777349,123028.20774170176,8970.56976349498,0,69427.77869968934
25195.984221855146,96498.73568269904,23889.20536149826,0,59909.87357169982
26613.90863971771,118038.24244438592,17539.004293494145,1,56568.84542556762
21949.509899568933,101354.74845068471,19220.18131773396,0,50233.93261235274
2245.537210460664,391996.39204770915,24038.467708668875,0,27362.503516637036
6286.679922671918,181561.37699169773,12181.128943542419,0,19967.931680990434
2540.0300986499783,38342.911516064225,27495.157018007776,1,12523.995939145196
32184.11015192524,484860.28876899753,16224.351583761128,1,38446.10812149784
16403.443072740007,443055.0836320786,5159.667273642766,0,35626.49713348893
25919.963867070437,464598.61876565433,21029.02398597967,0,43733.2124338149
45470.75722237856,497504.8330967533,23901.209837928505,1,67337.36343928601
13215.319228294873,95208.67211754878,9844.469473492038,1,46884.00094793788
21108.76322874586,204158.5892623028,25786.78808146321,1,44550.7637027148
38022.005788609385,381536.85309500474,27231.22601559011,1,60297.387639966786
12211.1101090895,351050.1028463582,8668.682377645364,1,42359.80392907289
4772.015581610856,85408.99410652897,29513.88344509905,1,25951.917546147302
15197.821192774632,409758.2312454027,4650.990077438373,1,28173.779965848284
8899.843075446217,119975.88019996372,6459.462217873454,1,22986.73305837036
46555.18496478608,119670.6312630853,5934.632757521771,0,58048.55149397126
40597.89859865643,273117.4672177727,26872.696445232177,0,69622.17434564207
32036.78406901075,300540.5680724346,19801.630293586375,0,66847.87124183179
43701.568919198166,294242.24184052745,4987.07635505705,0,77125.50454011405
40379.93176805661,54828.55032489989,13489.540841866296,0,78942.68403811363
10141.932885415756,439955.8226888864,18651.29173955916,0,49613.27490447257
44735.39092600891,140144.02086846597,2962.1905071868073,1,69542.0283782452
27427.769853866885,73462.31142857404,26531.282868016493,1,62198.784042989486
40564.56760303907,445486.55913579883,24206.30429552529,0,71663.9596245338
44908.47369625117,478269.2341325792,15403.599820510828,0,80740.45350851807
16582.17027362133,432442.5324600708,29030.235150145527,1,56952.39702788036
6392.544301856161,406662.87661519024,12823.948888615441,1,34868.742815796344
12168.822964555142,331068.5705131206,29531.254411576687,1,29603.194372453312
21928.28164268656,279920.1115984783,20203.639964707,0,36729.87882891322
41082.723530202165,52623.51235659097,19222.802560991273,1,59447.662944658776
43175.798579560826,210142.07440464236,5395.669411225657,0,72899.63005189021
1340.6543960283445,192617.37333603384,26516.868869986996,0,37790.46942197345
26026.61782630072,137279.35404255986,13110.945793658148,1,44921.85253728744
21453.13915429017,364475.85570740665,5285.885470583141,1,43914.06542293389
11883.282713065782,252979.1101885977,871.9218392848917,0,33840.31542453273
6873.402999350457,49712.645794747485,17012.792667332287,1,23793.560711616825
17543.14339877777,117889.76895540755,16058.28885261895,1,29439.923754586183
47202.57549171344,344796.794193202,21720.931859890177,0,61922.53736900653
16836.943669017004,47304.12115024709,26762.612564025163,1,47798.21235352027
26420.74046542494,427091.38788389665,2842.494246969371,0,50319.846642185075
35447.92898586371,252621.79823684742,22079.14646504069,0,60607.85230695625
18817.850516585404,245487.42289005753,6028.652350878675,1,49121.776670063526
48617.32205332707,300279.81448316365,25816.223068136336,0,73178.21038835883
48159.91745216345,414093.6733033231,24662.373658918856,0,84749.02264634287
13337.332495442844,180426.5118720746,16453.41577207356,1,55711.84381861428
25365.176788726887,342227.9147539411,21452.16255938769,1,53221.098698034024
15743.037181021713,287208.6623579376,9773.328338920577,1,42353.58653003872
14957.184224495913,140843.85238301643,14399.453018518032,0,36133.97748951527
2807.460420372107,440528.6933140274,24738.288482458913,0,20874.449165129743
30868.652365014947,400738.75058739475,14048.32331660981,1,41305.87694757982
25631.27213821421,332641.3989826285,11055.048827100532,0,46284.21061200412
3522.4588112494785,426785.0472561785,15079.267193883847,1,26664.56411725154
14653.67674759396,434974.15847030317,24933.352946897943,1,27985.95880621973
45505.02841236603,357097.858590367,10388.637397440745,0,59498.007815475896
12738.532642681648,420136.5308981993,5625.966997504442,1,42487.536550419594
8099.848732469932,351761.016217949,21504.413599758034,0,29343.617007679728
24983.185253600586,343268.9781625472,24866.357274888414,0,39654.99375744045
49296.87225141944,313119.5753254403,3468.8056164442332,1,69124.36913013966
12860.70830406352,378831.1533832442,7576.286326300369,0,47422.89286913335
33934.64182288805,87716.50159360611,4688.17369794932,1,57646.08825745473
38319.361151107165,441626.67200747493,10764.271641673915,0,67142.40527983452
12644.239655627583,437203.32859516365,13785.353877709673,0,46215.442295544846
36682.60108198112,24331.168686933983,22590.37694041754,0,59790.32222975354
19021.37350324341,414650.20777673373,19708.853754009386,1,48916.534618120175
31982.985699085395,73146.23506198815,18817.39274061372,0,56441.25300814548
32042.95582728384,174208.23858697954,10895.060924984806,1,60263.58233135658
27252.959519663167,374319.04558288783,25322.70281600042,0,57384.75068534145
5424.198732666006,88772.34906367102,14402.971438245855,0,34116.574075336735
41929.82228387266,410803.8418183405,29383.59567144706,1,58988.10932154102
16718.223183615057,417745.7471992935,19207.19307972424,1,46212.277844385564
10139.407009592858,258659.18954280973,4224.809876152831,1,33245.545931785644
2997.9819361834316,13129.077141248454,20447.238081225303,1,19620.754902076253
29953.75421622385,150648.68525570727,10090.56845523512,1,39764.13166726197
34200.653730271835,312294.19000411365,20746.652302239872,0,54082.71956390282
1812.8036174649515,490781.22723343753,2554.413870790969,0,28854.163399416364
26092.559856664768,319588.6282381675,5659.002396690802,1,40519.64155637295
12098.29298469896,137303.75472143828,25744.249137720697,0,32358.113762885434
32613.466730063043,320662.7945188096,7201.796932193689,0,48792.52361150576
9543.955021244581,274592.83606076916,25192.713194666732,0,33940.216826997465
34855.94916702083,392124.24362406036,8738.644609405108,1,51826.05758051956
19950.031968726333,62420.51302520962,19465.016346731874,0,45863.06075898612
46899.76944809999,382903.6722259937,20977.441918540015,0,69831.29982759306
7738.526263153669,275220.62355129403,15623.315217779062,0,42654.1761769502
17712.251201462666,481866.0818909074,9506.664962553574,1,39039.339289937765
6560.202540788864,177517.36135895617,6773.009102947336,0,26079.872185757748
46309.987295649575,319984.7276356346,1479.0859595915736,0,59349.92338852845
43989.62831566807,466693.77169990854,9466.418836601353,1,73664.59000993229
13639.139758042626,60229.76671543284,19768.30232067285,1,50471.43476300877
33339.21825567477,469241.9587458611,28179.99214423024,0,58574.93563717916
41043.887809859574,347064.00392739853,26200.532226760035,0,70331.35562844915
28204.839768373655,43240.15896153423,23098.910907791425,1,63370.51758259823
26952.878339444316,157472.14780393997,23759.196625972312,1,58638.13713074343
12850.762254122132,357004.323436188,20117.05465254186,1,42169.83081949384
5562.035622489061,43001.79471969813,8178.462298197089,1,26646.951032235982
44963.57213971301,295263.5254863739,27262.25340582198,1,58287.047655831004
45120.48480100319,179482.6979069488,20286.603201222104,1,74264.0086289187
32021.97140639013,314248.60370606376,17032.998613922977,1,69153.97572084948
17612.459761386333,32413.596568131295,3774.1893417976917,0,52189.44762181108
18111.269156020382,437053.03501466435,13688.138542289551,1,44205.99296692592
36571.82826464173,487009.5948969245,14080.569000456826,1,58674.824748104686
44958.402737676275,484750.14908998884,26004.626480918763,0,74295.81511172862
44467.23478899075,377329.3975540331,16626.12249553976,1,81615.14234485506
39213.90174702357,73742.25766400967,11721.816194627085,1,80021.4729194511
32459.5506615601,381548.96600522107,29315.609691064452,0,72470.28712128566
5122.8582847573925,22047.58906481274,3766.2575031263123,1,41358.00184540022
8919.806990636074,20840.540249208654,12965.178635202366,0,29598.807913336183
45029.15523782688,168569.00738327522,1739.727917556456,0,59828.55919449497
30715.023923319906,249435.1632982862,22327.171562624444,0,60629.303520567395
1450.6555292148528,387499.63472581864,27583.258289874942,0,31765.30728949855
5972.105600435573,344814.73453718756,8761.101221739438,1,21854.759245184847
33511.58668629473,228492.32612460668,25821.079465574065,0,44438.96630888715
1248.0176084647157,144077.0664780163,9120.437798625984,0,23467.500762908294
8879.594519457434,498591.0050772785,27367.7197684955,1,20613.34490091158
27887.95567896272,218828.83809562674,22741.876156105125,0,38194.62812941851
34902.86468694197,231179.64192154098,24244.74991682244,0,54000.17875165123
32946.101715627425,90175.6723839179,1031.1933902134078,0,59946.19109145304
11989.196163567429,399456.6788874654,28902.905533683766,0,41962.291709293946
35896.781846029255,349904.2906329294,21936.794266074536,1,56877.92770067623
12625.205287343204,118177.1102664926,9490.157313890933,0,41064.16913768132
16944.585209804118,50366.71235176292,24967.142613335986,1,37476.66977864478
37578.07885078318,343444.65801660944,8804.875353240433,1,56316.41374010557
32832.01205331352,330710.49499775626,26246.238267200773,0,60990.21892336631
42611.947114214716,143897.16822912256,3821.121517152142,0,73107.05657589788
33223.03172271683,475923.14550270105,21258.736335093476,0,69776.56001066577
28847.121563438108,84018.36697264112,16450.605061024857,0,63735.40156877099
5590.063623576531,221844.05251087493,3347.766870765504,1,37457.76440796203
19018.074349912244,472371.80088212347,7635.86793363575,1,37746.95655389326
13994.916016404546,215666.38529379992,865.9190701807863,1,32868.39429335117
12955.492525575095,322877.7143554019,14328.654981202922,0,29389.68967225068
48677.51718286984,204821.2550017692,9387.32519242001,1,63372.362018995176
20261.78850867126,144365.44915084832,18151.545786783885,0,51947.969518168844
44710.281203678554,492149.0475003158,9268.515327404208,0,70684.26596276298
31925.792673865883,210573.6630943711,9347.613789456049,0,67267.92565524737
39945.75387354077,448108.60980277584,22424.1993625823,0,73579.71670116446
25629.217562154412,122677.75688663223,1920.2136613614268,0,62419.07591273665
29268.290346691596,114421.30497229082,27135.402358163625,1,60477.82830305992
25133.366997124333,25255.70061341057,25641.78429453985,1,55372.28114865429
10566.906402104181,329316.7444341837,20200.23815517899,0,38253.04697643133
36400.153647813764,190577.90842464296,18000.036318167837,1,55526.67713602943
14757.845759601934,433535.54242142214,26822.92369511974,0,42521.18432761665
2191.4823551412383,241872.854278863,5967.240296097076,0,23452.07451894956
32628.142499451224,484414.77967821364,2829.590284629444,0,44354.179758926
9678.423290945399,100907.50269452936,7565.550012331374,1,31855.513170408398
47082.4706332928,435625.35229824926,23940.059221655614,0,63010.227218497006
47742.50027312678,390532.45786795346,1522.772868431258,0,79247.61388237528
45828.35512080198,387751.70387558546,17692.801634962943,1,85452.16206198963
19137.776312516777,423943.78177727497,29865.406727643644,1,61863.85734351159
1757.374209914504,382901.7555620695,25743.034768207413,1,32689.3028816703
46487.60956679854,316847.95759939356,15882.64782678589,0,62832.26100763369
21981.0232675484,74309.99006436991,2377.406823955949,0,53397.15377136525
48366.08613313981,25937.82795071344,25025.51867437844,1,75064.66301882244
48217.37887737339,461215.4454296866,18169.86599122771,0,85749.7103867846
42797.46331790064,312158.6541151616,3890.5234132572214,1,85672.31851129295
15427.995711409698,400303.2725783264,3268.789902289008,1,58264.15496705617
19869.788701494337,245945.95224114953,27333.991173379476,0,49001.86618502242
42705.69690432599,67481.0125915733,20241.407756673314,0,67206.6299968372
16529.178252657606,71341.0381792497,24963.96057984429,1,50132.49325107621
9305.144587618532,345926.990742196,26429.877558326887,1,34371.39121315663
28283.26186045916,220849.8885007367,17367.284385425504,1,45468.95746703747
46871.58393387827,108257.11608316499,15764.667376773717,1,69606.062667397
35105.46003707367,250881.32790330407,13197.608604469211,0,69908.49137077217
28932.997334378884,41462.37916681571,9849.924339838019,1,63887.24301976497
5761.648194767658,295165.98693805543,13320.580845331997,1,37705.26970465014
31135.35410825932,141806.76817319787,23329.449844039613,1,49987.98896058439
49512.6386551089,400803.9593122222,18256.74121494638,0,74506.63313540109
7864.116746589678,162077.35987255114,26829.43705366796,0,45117.433314290225
26398.1529658231,233057.8730500826,13579.710424186038,1,48956.86962296821
43991.28052446982,15694.06455496931,18409.142572203244,0,68469.71533595392
37297.66226995602,45498.97501933385,19123.572816213666,0,71532.51993793299
35153.77130876813,202321.84263927556,17955.066288036604,0,70920.03127773463
35421.720115368356,245170.02901139052,21227.69630602273,1,70881.73575423568
18615.066409768002,304010.0685784588,7504.2873170567855,1,54055.93428688584
15386.000368960174,152914.66356755857,15614.731437600823,0,42413.96751240309
40658.69661844717,350541.12420200586,3574.6316828462564,1,61865.68037464871
40695.55633927986,431459.97462271026,11843.08416552197,1,71628.39652660422
43486.543610425084,392126.9845577414,14886.1785243273,0,79300.7418737272
45748.78707526709,29413.224420695,19740.61565659144,0,85399.15801213069
26055.777544185952,245448.40415633618,28540.666051293003,1,68755.3565502513
25574.29843967278,61415.787424905684,18219.2064631765,0,59951.976714798424
40116.463769371985,128602.05777263847,22436.020527208515,1,70092.4521267712
32848.23260811049,493464.67070090177,15434.848755108482,1,67894.45867149609
35396.37698562747,79822.81602174148,19206.068925601772,0,69343.60632137551
39993.84080236895,254455.19519116447,2592.500375946316,1,74665.6439630567
44610.26174906075,312896.30981587834,8004.551634834486,1,81943.0837305891
17561.762685725254,354207.8355666109,11174.666249551592,0,58533.304551019806
19403.564679357256,284227.85490858793,14438.55397269215,0,48670.21695486716
5605.115052202581,14787.715235399992,1846.63799232032,0,29940.22352963616
29335.726908812525,169966.04103955603,4630.710877822871,1,44305.838673630606
2761.171416040362,263678.70525850856,8666.02207984352,0,24914.090752855664
23814.302888490547,53054.584580968345,29160.214381580994,0,36271.34826491838
27589.587100671255,181807.1962924986,10274.736709539997,0,45725.26123313044
15040.521354285936,26269.523307769618,14720.211214306435,0,37903.151970851155
29950.829767881525,48503.46360596016,6284.882525782592,1,48902.4057533071
2494.512247013422,204492.40533878206,18518.012096735165,1,26945.715123666974
2830.061248711507,75030.71948109957,8780.154857721242,0,16302.918810544994
41307.42747232325,288095.0156481635,6606.28106393359,1,49458.88687759575
18649.341429151882,347837.8348772602,15738.892539156383,0,43378.784867949755
7225.965119942354,402287.4825634506,662.4210752324143,0,28915.35755391723
26589.919742685415,108073.61967995694,726.0889631521471,1,41047.59851964403
38729.68410183193,92066.46530694418,6962.529868504805,1,59253.48336165395
11575.230347345316,61238.241763856124,1583.2801937742238,0,41201.97202817229
31521.633315131014,321850.822276382,3686.7597468553954,0,52122.61932921716
5182.0257846946315,356173.1059785816,10496.389155493172,1,31243.33544930321
3532.404337261777,25477.210964564598,24176.27754760448,0,19154.072061913383
27036.376946839253,468744.000659408,17375.434979394373,1,36613.412977795946
27491.12095889522,35465.92898922148,15623.697915714283,0,45797.82744779319
32234.06517341212,275235.2042975245,9157.92028463959,0,55132.97889730871
36578.475352410416,357439.654530949,27986.734723268084,1,64144.96480106477
48816.75189366419,436774.87063558196,12211.943716497155,1,80889.23429419658
26298.71706675857,359902.5967448896,3069.236620475259,1,66743.33421385686
16824.867174121053,402846.760704198,18703.462225475138,1,50196.53428104948
39964.12354366648,176330.59434597497,3858.2326075597416,1,65062.39068419122
14270.780311841636,409264.305735791,10684.082712649917,1,46801.97565393725
22509.59961457617,49256.27472849082,15468.652192175361,1,45910.58744154479
4844.3626857710315,448460.16146965855,26289.564478212687,0,27799.65640654343
2242.1864273574183,278320.2643153308,15059.6241200335,0,16142.014630629132
48169.772319218326,410475.90728162194,21216.633597934095,0,56240.77963453289
41963.02590509808,231635.95941396707,29788.096750472574,1,70083.41572236453
35102.7360985912,325353.07064629724,4378.9290369904575,1,70144.44395977346
21038.694276299226,267937.30385869544,8604.580002825825,1,56110.916256185956
9491.421683471443,368478.86566011264,12139.99423013057,0,37546.87981156442
8665.415090883216,49998.69119498889,12943.931266895524,1,27438.854996665425
13261.90201006517,39572.521155376264,12625.1217203336,1,26981.32950839788
27912.106570599903,131080.58466497174,27274.52457541837,0,41402.77132479884
36015.200212303054,88176.89325546229,21563.963011772266,1,56716.585874702476
33349.671459168836,437173.9476301788,18433.20381567576,0,61707.964396520074
14716.7609503512,117414.85380544171,9626.495176952072,0,45570.74314861123
47788.39875249651,488173.97535137436,24801.816334528194,1,70573.77032680213
37156.948918092654,175078.93796784236,28674.285088807173,1,72443.83408149373
28163.348573058633,99237.77868746265,24725.349335231684,1,64385.265613805495
30974.31656548326,396952.2684998148,546.1706031484507,0,63166.94937238601
21560.403058961707,332766.8099954293,19273.840420410506,0,53143.87774515471
13138.818485556716,254115.9010620381,2008.4937525419714,0,39710.75735813407
18442.661253911818,282128.1399594393,8099.412999844794,1,38298.03993297885
38134.459412754084,362408.87135340925,2255.978660259265,1,57283.47937924351
1705.2809428580376,121942.82325233637,18311.96586200694,1,30347.02063247979
6687.559384838895,498203.61886780354,20754.4024480319,1,21861.06970107879
3254.1294590658845,487648.64945192373,3877.385322944201,0,14184.66430960528
2995.7113136295366,328659.58630999905,11823.247049826894,0,10088.043468432177
42917.568616539356,107775.80095528111,13958.97701418849,0,47961.59035075545
35479.23510962116,343311.83879133273,11387.06414194704,0,59460.03028499888
24234.517625278935,45377.22039979616,4070.237514313195,1,53964.53276777838
5793.873871899073,25019.726080844972,12858.959810530525,1,32776.14025578826
25089.177880724787,136264.61537049472,22659.752410348334,1,41477.24800861892
24200.116768247717,236685.24880226498,2594.7261037310363,0,44938.740772557176
9486.891625590744,435453.52765010647,2865.310415416152,0,31956.26201186933
22258.73081266068,366312.8441854909,10965.753109161535,1,38236.861818595346
20526.7319854713,373926.19538799074,28280.908492758288,1,39645.162894768975
31176.654804558606,218491.73387955694,20222.893078325964,0,50999.23625194309
32119.588892514545,179508.14634801183,20520.76372184066,1,57619.20701848609
3219.8964788301814,191808.99386245533,11176.639729717017,0,32029.49998807323
19356.01811669709,493948.28623066837,18012.993340651883,0,35370.768110733705
31667.135869997583,29653.503792116415,798.8699288184297,0,49352.51992536444
25653.6766704243,434845.4330999998,19264.833369081494,1,50329.93663310652
42968.00221822779,293550.9502004728,27441.964953498984,1,68132.97053478105
33275.98794932831,224921.55540289934,18570.917316172166,0,67342.47321671883
8983.786926990055,365376.2536034169,26274.10850725718,1,42655.02353534947
4457.868622621063,248467.78129810438,21857.205136249766,0,25785.3803902958
32478.544632109464,437977.3866600137,4056.4732839088624,0,45371.234827257365
2299.054216539469,451343.9133655167,27122.37256493233,0,24984.67163016815
29703.0034823997,216643.25416799315,2460.0934084953587,0,42195.33929748378
47071.281829822925,145645.62064517528,16252.040440159031,1,68168.95147856482
29198.234715918068,300251.6610107475,4693.045151907001,0,63282.710455200475
20020.326384119573,457058.0393521786,845.3450165616699,0,51661.68161171981
32521.122703675304,113224.47261277662,12950.010673765351,1,58351.96350953521
23454.391634084313,315253.62594610656,9203.70087579761,0,52630.37338885192
27735.22267648081,319464.50784533506,14837.01456702929,0,54050.40937090677
47131.775630049735,369225.3809834877,17527.396658669248,1,74156.98031550311
19919.02925223794,74468.1657123573,1790.302633113947,1,56997.519409989494
48098.337627371795,360754.2326942234,4128.597206150496,1,76597.09733236654
45362.18145584712,455425.9351261641,16979.95069528755,0,83660.73012203039
10593.765604675526,98044.72334641857,10623.436918593417,1,52424.130665690725
4398.703742883107,126396.22921270004,22010.617882708717,1,30610.76907572847
5938.122067493906,485983.5960804034,19742.60363346222,0,21243.50660535814
1892.8694569259367,98678.70682764999,25445.32870820225,0,12514.622759605007
5627.705077040491,428648.6957510938,20928.538386742148,0,11885.016456842994
34467.331897401484,251216.14965953704,13182.96678300937,0,40409.84012582298
4488.24377455122,131143.22645755677,20352.515360635756,0,24693.163837462707
16629.805884394304,436667.4516235306,8623.744640534846,1,28976.387803125657
42398.89023750327,228199.5749513061,9536.248213957275,1,56887.0841390661
2140.3248510554677,262260.5034255482,23775.062217663402,1,30583.866920588516
40908.95564685785,186024.3510058852,13669.375733846675,0,56200.88910715211
14810.883963896596,300545.9172031144,24052.2200452914,0,42911.32851747265
6790.076553461156,90126.69756666115,24761.460023214215,0,28245.74081219748
35140.12110284338,201629.95295936274,25798.08896100787,1,49262.99150894213
31818.199492214317,485012.0379442909,27540.739457315616,1,56449.69524668538
43996.12866282559,136485.3820235525,13214.06400514224,0,72220.97628616828
37018.481146390404,331800.9656252332,9906.571140473596,1,73128.96928947454
40370.56558885758,169343.1314701005,17674.86302452636,0,76935.05023359484
14819.694055994018,389001.83158643433,11449.586491410013,1,53287.21917279144
9694.537645206417,74128.09375199142,18231.687920606873,1,36338.14723160214
37780.122830402055,485212.3120884869,21314.782947992826,1,55949.196446203125
40534.90222409594,232356.87527798323,20807.94804551804,0,68509.5004471975
49534.75195803299,125664.72703976734,11549.31016709358,1,83789.50218163175
21218.2661686599,46013.4061917062,5422.375950113208,1,63113.017259475775
19228.886203846374,93181.37349289496,13200.615484635122,0,50785.39483358426
39044.23507635784,264689.2347924487,4706.527250416308,1,64436.93249314997
17699.373472397874,175131.55645133028,26757.862537922345,0,49917.83971897286
46607.10895457467,416152.8492824786,10703.385091766793,0,71566.02881406111
43062.22484030758,221134.8865942849,5056.562543088052,0,78845.23924733813
22020.7073413759,131869.99356793865,1250.7089172196509,0,61443.326965044966
37792.68232178337,312401.04343597475,19551.760395451285,0,68514.34580430586
37972.60083014944,356320.83627386845,19288.618364914924,1,72229.77373230236
6053.069572960698,91850.53487146542,10547.822914148104,0,42167.95643911188
45225.09242729877,92133.41598127566,2615.5007210057047,0,66309.0706468547
25757.366249945,27968.999197436056,12584.052399409344,0,58911.90157337235
41496.41583927934,370836.9873821639,9680.91610437011,0,70952.36662596551
16682.430450499975,335264.2185346845,20475.058872182777,1,52158.61376348273
44880.63819631383,242569.1291174088,18370.487858854365,0,70959.9450780552
20070.882257973994,423643.5199949066,11255.51498182743,1,55550.85479700159
1531.0449225346197,404778.37494552607,6927.830350522208,0,29306.472321035417
45363.71684454392,296823.63855440856,29647.06100158996,1,60016.95300506162
5473.047162520545,435452.9274514967,13893.047825285388,0,35481.523665051354
16646.36824193033,110862.19291801644,20804.089955516993,0,34387.13007445601
47553.03638548944,64840.613504886656,4646.312543561643,1,64746.601422717446
47579.75019994025,142177.3096433249,14824.896139952236,0,79953.05091129898
29098.45651804102,37972.55948376428,1312.3332361492319,1,69074.9819736905
31960.023396320164,270273.0687205057,15410.925978358273,0,66497.51438316541
22973.830576937668,468936.78922453115,28938.513509972217,1,56222.587768520374
15367.327813205162,29278.334927569726,11834.098033081107,0,43478.62169746535
17104.562723125884,69833.85786491312,1650.382370959892,0,38843.87357185856
33953.404347774886,231577.52385888327,1413.1958321206341,1,53375.34113370416
37866.35194244632,467598.75858867343,11945.60941843265,0,64554.022509298404
39787.373142566576,164916.49143860774,5220.735625664224,0,72064.38439721578
39691.28899693314,258545.0562573123,1188.8868416814844,0,75723.48119554103
5469.099049385828,30370.700934692126,22808.301611530216,0,43330.83964715634
25226.59493042649,82688.16847142355,14026.428762015776,0,46892.01475400466
3820.37924081557,493448.760249835,9032.720773193309,0,27266.3866178179
27926.91523386304,482908.1612536623,27052.45389898618,1,41560.108542771995
22634.994567295475,12420.590657860712,3926.0993259155057,1,43415.04883868147
44497.50495515669,476387.7748573871,28699.605454181918,1,66205.02937449742
18194.835615051856,323168.76952959516,9762.018162631908,0,51297.35030230056
6736.283804952687,435279.9643148108,26707.908333106097,1,32384.958956102968
8006.592420588957,232822.52926059096,18286.814856144116,0,24199.07189864044
38314.02095415614,262642.0540038326,24887.86711237388,0,50413.55690347636
31292.68510249679,249534.8243258909,29528.388314708696,0,56499.46355423497
5955.011130016722,336763.4861975911,9007.960415652999,0,34204.742907134205
5121.2334996348745,78429.11483059332,28853.496819523993,1,22223.604953201975
35347.48744149688,24687.059037612198,11989.7158996214,0,46459.28991809787
4565.387311845483,160885.67137968354,11872.601189739209,1,27795.03227089442
41271.142905227454,355293.5737409569,10541.419575507918,0,55168.65904067466
35605.86913066832,108908.1915402447,16471.524416753764,1,63190.198651005645
4986.090251453088,339981.8923292095,5047.278773765369,1,36581.18957695591
5157.047990174404,485256.9025925625,16834.48881806133,1,23447.64277865236
49345.339346557594,56011.35073681501,16480.291966095116,1,61069.16073588377
19339.268992049896,339575.03793031187,22976.103471843664,1,49873.849359991786
19161.465206277655,227437.60745923987,25092.673877158773,1,44098.38988627355
40827.17879561763,435389.70464497764,13493.01983421651,0,62876.3737387544
47415.180291809076,96803.3968292191,9418.830855869066,1,78853.36716118628
49314.052127320676,349386.71659082064,8150.379470854287,0,88740.73570791382
37915.53107768814,420676.491927574,6241.403182793722,1,82285.89893164505
19436.719691014874,472860.96754227136,2200.603674871234,0,60579.66915683739
5091.5351182347695,344791.53386192647,10602.215375624044,1,35381.36969665346
39080.198880444404,253615.6343641294,8472.306917858106,1,56770.883728771136
28361.808237054447,312745.1476985948,29009.312883059018,0,56747.25010144002
21786.87845310184,435763.4423945719,16952.410374376297,1,50160.50350382185
45411.364869642064,289598.77585302654,10744.672651399973,1,70491.616621553
6448.676633001416,24889.65925145006,17623.794229314033,1,41694.48494377791
25138.6301102521,466164.8607984191,4606.302689698017,0,45985.872582141055
1556.3285936035345,347868.10800546495,13599.290601464985,1,24549.264884674063
23964.371457712186,341491.55903085077,18973.912481921383,0,36239.00390004922
3758.86050841003,115680.82467488141,14922.486037877316,1,21878.36245843464
6822.077897135524,332853.88041400205,12352.474619302566,1,17761.259126352845
6758.7860920781395,202993.55877053767,29818.527472541096,0,15639.415655254561
32811.30480368712,329104.15875033115,26469.285483393345,1,40631.0126313144
37556.19908400574,62230.58485091545,18890.475765703482,1,57871.70539966294
29585.069489760823,332344.19925548765,17296.63215487734,0,58520.9221895923
48146.45487525255,499712.72562762664,18809.48415482523,1,77406.91597004869
19368.6583966615,33623.899041672455,6438.707180761781,0,58072.116381685846
14999.892227811177,488815.3502684455,12156.563426297398,0,44035.9504186541
43561.357281283555,209384.9007542066,1664.05622028153,0,65579.3324906106
11956.19608745318,436669.190665257,14528.608105861387,1,44745.86233275848
48197.90443258995,393368.887188554,16519.225226751063,0,70570.83559896919
1595.5692598010007,287837.9678834672,7218.617215044683,0,36880.987059285595
48524.06250867431,371840.11253315,28938.850991382657,1,66964.55603831711
3114.8356855782295,440472.6250376605,27328.911022648637,0,36597.11370473678
44666.01257120549,208028.75760900616,21803.22544594922,1,62964.56942357388
26857.354345228694,170246.24916598696,16234.905548578196,1,58339.639057015636
49655.27500984572,337120.7589261565,26164.090209606708,1,78825.09453835353
4616.031672034544,405844.5115512167,4354.244142792156,1,44028.57894121131
28138.859935664717,383519.7160405417,23820.038931109106,0,50153.14940627037
48495.82424533585,400928.6879407309,4182.214012022025,0,73572.39894847103
26631.794364337293,223435.82425833718,23929.21454520746,0,63417.99383857281
31840.533268627863,410738.7659257606,8635.14326341503,0,63549.530187914264
35091.68576024624,68902.43713159813,26374.172140036575,0,66866.45085420337
23272.51217362089,276799.6580008163,28349.241767849235,1,56705.737600722576
31750.34592411911,12821.74364407957,4889.481097450911,0,60103.21472448039
29631.401284231913,169047.05665113244,14148.930349429109,0,59683.00864647211
45156.74251405846,189566.15208698495,29439.12765579921,0,74998.24683729451
3226.8726367314357,204124.61888853513,14760.519361207826,1,40725.996055378695
14767.196290019287,350778.9312780325,25974.65191417908,1,35130.194317708636
47570.16271975138,200393.46962246942,17867.579902873935,0,65135.2598786057
44622.9254106549,229859.87508504002,11572.232283628255,1,77190.55534995775
23327.180886499933,126396.62412842046,8930.614888013171,0,61922.45856147881
31386.4972922753,192893.37789837664,6495.081187039575,0,62347.726573014705
14591.677966075502,121362.11735894422,22973.04664564207,1,45765.54125258286
10217.936826464304,45866.00264653738,11902.944951279322,1,33100.707452755734
23721.221842059127,305689.8107568752,15582.626134922159,0,40271.575568436994
18314.259173276587,337424.27129195794,15023.601660034867,0,38450.046957495084
29599.149480692733,313550.2695447111,17529.73136237737,1,48824.17295944027
4808.997211284257,237112.08146228045,26034.52579592429,0,29221.083691004394
48745.34557564216,196095.0322878226,29431.81063571117,1,63355.88742114436
49324.32647950054,433033.48829019436,12523.7341529276,0,81002.27019007271
35209.923986967515,264350.0747167468,24911.80820213594,1,75711.05908200386
27268.7219508619,244799.1200385682,23053.56994231417,0,65124.25149186383
16166.85319803006,22564.612245153487,17419.10406793941,0,48728.97894396198
40875.95596564048,177211.4355368166,28703.390736552028,1,65240.44543762147
34551.82745514008,196295.85320506996,6413.998208087883,0,67172.05017395082
8968.230027899674,205423.16263948125,3723.2942041338315,0,42554.25511487508
45635.432040198284,294284.46092139283,25691.878025184953,1,66912.55959763582
41304.32490323528,271465.2478961705,13454.919590695576,0,74760.60470205318
47540.19575130428,307873.49546878785,25485.581199108285,0,84920.49810233086
36560.255911029635,384792.7981556429,26846.16105326474,0,79020.50496219506
31057.344600853703,408363.0119708858,2342.4990117626076,1,70567.59708195123
21493.908778240326,361880.3073509823,26562.21050808879,1,56777.707319215944
46703.69568434665,478206.611017918,13725.412133397955,1,75092.54934395463
43437.13058552001,18933.9655114172,15557.75842562485,0,80983.40525749733
3215.714835203281,105931.21298493759,18984.479077249704,0,43707.41746395195
2291.9817503653485,13705.808739289638,27828.28689853756,0,24145.69048234132
19446.70497702443,327262.6099357555,1063.924785678039,0,31519.55021819509
40717.11320830981,450034.9689854936,14566.882315375604,1,56476.888317407356
49376.530336432275,129306.32532238665,20787.80025170154,0,77614.97449513595
8370.427664072882,464246.9269501903,21819.85525209774,0,47177.91491164085
30112.40505225462,39531.02124188482,20929.706730344686,0,53701.36250807505
19663.651974920052,467873.653134702,4465.836317539595,1,46514.33322895758
48525.805492915555,182295.11674742086,9332.169856964596,0,71782.97210739434
42263.827233649725,59696.205940116095,11082.107999801898,0,78155.31328734689
42078.106530845755,248077.16200129956,24230.897626545397,0,81155.7631745192
23965.964829953544,135820.51818304887,8723.416236229314,0,64543.84641721315
21326.155614545594,149587.72196134218,6715.796434082494,0,53598.07882315217
14396.946524604606,160572.08281388044,28744.716561623838,1,41195.98593618069
3762.3993358954285,403482.68993800506,761.4669108473325,0,24360.392303985773
43371.396436497605,274189.0255708747,29935.715242618357,0,55551.592588490494
40832.1494473738,162540.77258644177,20466.22831629317,0,68607.94574161904
49986.165991020396,309063.55382235,24939.844333748955,0,84290.13886182991
49835.20501662137,360913.8303693648,9191.272192212698,0,91980.27444753633
28216.153574528744,143585.76035943156,922.3006911782693,0,74206.2907982969
38680.38334384502,212639.05974742223,22267.150797565137,0,75783.52874299347
47293.52076423897,69724.1857351043,25107.265611519935,0,85185.2851357357
42632.72214319316,98763.18127199335,22344.045892628816,0,85225.364711061
13120.056985416686,343747.7484428416,4714.083475374739,0,55732.739340947184
23076.662630194583,98904.7903708572,22726.123706580587,1,50943.03230066817
7328.811342423254,267330.0579968595,23183.22207217541,1,32800.32749275734
47748.500335677396,357432.668243992,19926.94521226662,1,64148.664082056064
30702.557088093123,62369.69231642448,23100.420017469794,1,62776.889129121155
12203.497469669674,287982.98761816276,25454.6824704931,0,43591.94203423025
33913.33353588698,135715.76401366823,18601.321370005022,1,55709.304553002105
31288.283782436894,481834.1688664141,3113.8390621055323,1,59142.93605893795
18549.973183609185,246937.36689276312,14885.020385182721,0,48121.44121307816
6564.322017781822,404936.34938982746,2790.6553728123495,1,30625.0426243209
33907.08658404718,279611.0056565683,12522.519415456709,1,49219.60789620763
26495.077344285874,31272.14109886139,12509.641429206014,0,51104.88129238969
38843.60119504633,320244.174041071,2447.290402137127,0,64396.041841241175
26488.011554487675,476187.6376812619,10790.20575209964,0,58686.032475108266
42756.89351560846,304789.7918717023,3774.4439143437876,1,72099.90975316259
28043.43509994979,411402.5411191272,24342.938695272052,1,64093.389976531085
28485.960605233926,443261.1670407198,28456.796765951887,0,60532.65559349947
43956.0265302589,121759.08825497692,2633.3360201091887,0,74222.35432700864
20770.660444407455,113901.97155503105,28675.89861510519,1,57881.83760791177
7566.7461940813955,309380.68453698594,15916.009680433983,0,36507.66499803728
2410.3511393536096,211403.9502052853,9337.18749963928,1,20664.18363837225
38001.72552800733,421532.03840469295,2767.4312206468235,0,48333.81734719346
31395.168016319767,451011.33046502544,15268.415908077326,0,55562.076689916496
35499.908636861954,183176.47585833186,23938.208562477084,1,63280.946981820205
11435.243913936625,126066.57389749622,21359.051079367597,0,43075.71740484673
7682.202303751718,392457.5024694923,1981.667338187226,0,29220.06100617508
1712.6886177262145,144654.95741858668,2650.6041433531536,0,16322.719120813756
18178.790381523253,413081.0160717024,12384.761837662794,1,26340.149941930133
29905.966655877022,217631.7442878938,9211.069574414327,0,43076.04162684209
20219.958209886885,337099.4506528205,7355.3375301534115,0,41757.979023307926
22436.271179162723,56812.30377898741,8789.632717807051,0,43315.260690816685
45303.77603019367,315691.0690915208,24202.740927258095,0,66961.40637560202
18064.51788414172,231366.16258124227,27912.22758213969,0,51545.221071942724
26185.48496883073,297438.1469559823,12450.52948856321,0,51958.09550480209
39398.99762431601,92326.96179498307,27230.274562908664,1,65378.045376717055
20430.596333742236,371068.13502264925,9984.123186812518,1,53119.619022100764
31482.2483111658,432770.567996182,14554.891097141852,0,58042.057822216186
43255.82172859051,116202.50204448006,7167.855435571992,1,72276.8506396986
47526.510559224465,56900.13220487924,19394.043244187396,1,83664.93587907378
8206.600565522858,21582.907162704832,29379.942897656863,0,50039.068505059746
46402.79363291323,324566.03521720035,18303.04633327967,1,71422.3278854431
25113.69836089737,307476.0776835026,11055.515481349692,1,60824.862303618924
13653.97502664896,277881.7322298943,19610.614656720587,1,44066.40617845842
23497.652055674804,123654.07709682795,4126.160014728934,1,45530.85514490401
49021.59618898838,201543.9379937022,26715.44286782926,1,71787.02376144039
25138.28660565061,301293.4042412248,15340.976548005172,1,61031.798486370804
17108.828904087903,253415.760840993,13755.81739016944,1,47624.7281472733
32036.64186151956,494014.90490529477,17783.011259378814,1,55849.00593515621
12767.13532013146,76855.47875279923,18931.123952287373,0,40691.63828770956
4717.303077324532,350620.831483321,2617.3862836821345,0,25063.122221179314
7315.106373621812,208116.19637110314,20637.20802609037,1,19846.66748421147
7274.24610893085,219817.81131355124,7636.984569308122,1,17197.579851036586
8443.231982102423,361622.90517250635,21561.6026589444,0,17042.021907620714
7802.531459821097,349293.7141489411,24764.776434333802,1,16323.542413631454
32402.862495357516,495715.43691407226,24216.775972799347,1,40564.63370217325
9912.124135558097,72913.20183252136,16798.77853853273,0,30194.44098664472
17937.6968828693,61013.72819824151,15845.01182316716,0,33034.91737619166
44942.63208539458,364926.02039308316,4714.840859512646,0,61460.09077349041
24224.120372880745,293409.58933314047,23372.7114368925,1,54954.16575962595
33710.32918753033,144338.72661430488,8506.576723178074,1,61187.412067343306
9443.673688879862,48915.49080460344,15152.514973129422,0,40037.379722551515
10422.161921624867,51972.542302250964,8886.085741361743,0,30440.851782900623
3002.5621970574643,448153.52858541795,4447.936708490948,1,18222.988088507776
9277.818090536062,104014.98911218402,19071.95205830623,0,18389.31213478995
14650.926612565972,168452.06543660516,2102.795027275663,1,23845.58267996095
9673.513729560595,121061.63709122413,22585.034406722898,1,21596.30506954107
5346.424154095725,183948.18985764927,9868.810460202942,0,16144.57668886626
6911.157683929439,44017.68294558575,503.97344363231696,0,14983.44602836257
23578.15963360356,264339.2975450525,15578.309607498279,1,31069.88264778485
11110.352201883832,43130.1561601853,1882.1313015642922,0,26645.29352577626
18849.223191355697,402174.6888329572,8647.001955716534,0,32171.869954243826
25667.446271887988,124518.92013611218,21355.806379943628,0,41753.3812490099
34829.3466028389,274605.8381562102,2349.343837845043,0,55706.037227343855
2926.2948522138477,441238.75290511455,25260.48552450207,1,30779.313465885774
40171.10954654309,328929.9108331251,612.6877184282017,1,55560.76627948598
31767.11908505448,271149.3154101543,7781.304141456117,1,59547.50222479747
5006.192565494724,168923.53902653404,22356.66965648611,1,34779.94367789346
43805.35258123208,173170.93739851698,9829.96941701455,0,61195.32442017881
46122.747626058845,338048.6080471132,3505.825447947399,0,76720.40983614825
3992.8200328883236,497128.2869983721,11126.900604612621,1,42353.02495096245
14567.004759212983,334301.2030261955,8476.601948343503,1,35743.517234694205
40503.862709860005,283313.8745113122,25360.00111373637,0,58375.6213272071
37664.72482879926,368018.7500172306,9743.763568761722,1,66852.53549240282
10041.529948462488,237950.75001902189,23773.507917392213,1,43467.797694663896
11258.116843498805,39469.74787438476,26810.228271916676,0,32992.015690830754
19153.13303677772,285525.4397801758,13297.613877507622,1,35649.140882193096
24741.626274360045,479236.3894076363,27343.322743704564,0,42566.196715456594
31294.483804984502,95898.44175525322,11630.88259191419,0,52577.5821627128
19076.76833891885,348102.39650212624,28940.31328645819,1,45365.559420275255
23664.201090524246,108457.50744293767,3134.0409735044013,0,46346.98080066187
37626.07596855407,272555.5653918098,20767.06836184566,1,60799.566368885
2797.4769416392974,57371.460326892615,15067.514193479396,0,33197.2601260818
13369.410272857016,230681.75876651073,11935.639760941589,1,29968.040335897917
35954.12970834307,380520.03115867055,19165.000423083726,1,50938.149876292024
44865.13504667277,180310.0468771012,21263.78420321277,1,70334.20998481878
26072.19466366764,335806.74499873683,628.716454684118,0,61239.299656077026
27073.56077800047,399770.4807869673,5425.116118042362,0,57693.21060603898
6251.428555649027,464317.1315449318,21534.858493712403,1,35098.03385866852
22923.20597434928,124974.62010917223,20158.36970055709,0,40472.222903683534
27098.246056296135,205664.798746561,28998.401401295978,1,47334.3575081379
12881.054678101753,84683.84653190454,22950.6148123981,1,36548.2334321707
14192.918316519666,496316.91605760384,28547.794878074474,0,32467.035032605017
19486.92399212651,464230.4742829047,21224.944795276806,1,35720.44150842902
1983.488691108592,274578.9938374742,9292.540154863573,0,19843.709445323104
16781.879113575735,422596.3142444464,3608.265206400266,1,26703.733836237287
11360.952342830687,265269.4088633007,23563.8039686756,0,24712.81926094933
17047.37025671782,315556.9871213523,19502.402033539518,1,29403.779887192482
6868.34445914331,53670.97173684814,1921.4873656022387,1,21570.234402739552
44635.83675625485,380082.5060434359,11121.48874407886,0,55420.95395762463
30086.030224148384,72579.60698126507,28725.59455678644,1,57796.507202960696
34276.01363807999,414773.1388237389,15261.833798450936,1,63174.26723956034
39669.390691759574,393193.76295848907,13265.509512581288,0,71256.52431153975
25423.667747523807,357284.90189405845,14002.138352199172,1,61051.92990329368
5259.094116283761,27718.586457133435,6662.04035815233,0,35785.059067930604
27318.220549108843,158532.894413211,11376.861540511458,1,45210.75008307415
29755.21478302308,138925.159256313,11409.49105162171,0,52360.58982456016
37526.534235032166,186466.83966104436,2044.4730955304358,1,63706.829147312244
22151.31776525429,52944.945914280885,23143.245041278587,1,54004.73233891041
7251.434836982624,469109.3332852208,12786.88074116443,1,34253.80100643783
14905.019384137498,281363.0979490644,24754.306661084487,0,32031.919887356416
18791.03252353312,159706.91222243154,25585.266033036914,0,34806.99246721133
32649.944825248458,204520.9433663989,6753.824613610413,0,50053.44105885412
28968.136928776683,229129.24484736947,19891.92772401879,0,53994.85745820374
18448.739568994464,304291.22334670246,14432.313222807961,1,45446.16829809634
49339.247190856004,262682.9195712839,26464.62376868381,1,72062.33133990417
30682.96614848747,460502.0668750645,6864.350035705396,0,66714.13181843955
12624.11279506373,253512.10662385682,20495.489409146303,0,45981.178704283506
5987.341158399783,496157.4272634232,18428.687606455314,0,28977.930510541537
8490.09782003227,427198.22929509694,9211.393588369066,1,22979.06307530304
13051.9286908409,112170.15203509455,4529.7266577095925,0,24541.46022849242
8873.387289718228,465991.65517551894,19723.37293407966,0,21144.11740396444
10141.784178513983,67019.53496388328,22288.625014903755,1,20713.842880496202
14969.663265998508,410550.3571606839,9811.006641018825,1,25326.58470624661
9495.306169442987,196505.41380352425,19522.561818658258,0,22158.59852256629
44941.50580669483,440207.4170180841,12156.361774539346,1,56020.80506797798
4931.453537420468,435347.7781526507,21539.603056837223,0,32941.85607140946
26701.05808894248,404903.44605763437,6376.850609374566,1,43171.98612464721
21109.444522493413,397114.9137904601,26761.342577767144,0,42695.43758481702
49136.552228521716,159292.77815804,8978.583095734602,0,70484.27102093023
6489.906206234565,49650.44869511357,11349.68663880651,0,41732.04171669968
20494.92435324134,207460.2875949291,2213.7125863703186,0,41360.94521159118
48504.051230493074,95027.01234338924,3789.6102634776535,1,69184.52383628866
43409.849168805034,350526.03356220626,15717.92613001368,1,78002.11108694936
41036.53147651471,179588.8660035149,8393.983963475159,1,80037.58701998938
13637.238525202052,488048.9984213583,25146.666659394734,1,53656.032035196746
9373.491782113226,324076.3178992127,933.4549653211384,0,36201.5077997116
33763.517776297114,413015.47618083685,11683.274435822117,0,51864.271676152915
46539.423467251705,74937.08964350572,10451.693629688234,1,72471.55930532816
28281.38175768256,432387.09631358506,1070.1651120692304,1,64517.16141034664
29009.02178402509,462151.0233515632,4168.867770515051,1,61267.60248919841
14718.975589353924,248660.3402212786,12702.45891009974,1,45352.77683395313
38705.15372640491,307063.93949797895,15039.505241199675,1,61381.54214338148
10165.143679318646,384756.8024424678,12426.547544018638,0,40855.91475100938
16860.28258380794,95670.92735760215,16162.661513156769,0,37288.23995931263
21846.385492204423,256257.3774670868,18056.384409717604,0,40490.50547186074
25872.908555538295,205344.88360843342,792.7527232711511,1,46118.16129146867
12878.076888338932,81723.25615950207,14190.807203878365,1,35937.15753407327
6627.004412220973,190091.8669228504,28923.227606183857,1,24595.583179257606
30920.382079639996,43404.431598891846,15811.452263821688,1,43218.1736692688
15142.897108772533,22647.83440524862,20487.496890039118,0,36751.98394340693
29480.672849708,76231.48168586315,9699.983808548055,0,47856.66482141147
8563.773048435913,481926.4046786952,23332.745655506496,1,32492.105459141647
24575.864990886057,279269.47258855833,23301.183715345396,0,40821.917720456884
27096.88219502771,483252.8589650778,15878.233405797098,0,47507.841055256155
3539.3533042989184,221923.96038176466,29292.4077867368,1,27293.273831926996
17493.60963150211,162789.9052117772,4203.731335498274,1,31140.246547465606
7586.319170009738,258009.5127917196,999.9561142426394,1,23156.44244374254
4105.373553165619,225360.72743012596,23219.66724683433,1,15683.59477503689
49508.05138710732,61775.695288254516,24311.088352264036,1,57349.84877462577
16795.338403761423,324004.8941982011,4046.113259056999,1,45470.2627910743
40683.847846877106,115858.70942970381,8334.69357227888,0,63418.97924241426
13477.392083424429,313598.0978999365,1017.7947193155528,0,45186.88170463156
34393.633388972536,328598.53527509514,9152.60401802666,1,56987.07424128831
38251.16513459464,84492.17803303758,23307.68528060081,0,66744.7022552388
30186.29828978437,40061.31728422739,15779.835567521079,1,63558.649417403765
24107.23323895776,392573.1771735355,10768.819998464498,1,55886.55794765965
21180.20479321616,235302.20764696688,11466.309199736743,1,49123.48376704598
18094.545060606768,38500.25979768314,539.9319586063106,1,42656.28694412976
46546.92806814347,497484.4954131859,9344.115563174459,0,67875.07154020834
41700.35098159873,38312.47488821965,19570.53287831895,1,75637.8867517029
48286.31862265911,350567.26214069105,29238.736092582534,0,86105.26199851057
7090.563950791691,492002.6733790727,25488.294396025034,1,50143.19495004698
36812.50628497857,127198.25106580355,1196.0514570431092,1,61884.10376000206
46978.68238423085,79702.19065672613,27007.53783790776,1,77920.73426423188
9880.420242117347,69478.62031699016,23604.353192309467,0,48840.78737423329
4258.317100972097,158604.82230812183,23521.09564534392,1,28678.71078808874
37314.911815212894,59512.44739521688,14010.874890605359,1,51654.26720925726
29149.18254581568,349159.0574301246,12241.156142157834,1,54976.31615044431
42249.610061155334,40522.981083730716,9436.014000579182,0,69737.76813637749
7848.846454688185,259616.84279339697,2437.9983391537903,0,42717.73052287693
39968.09828113462,498381.45838795864,7232.943223064123,0,61326.96354257308
10879.738682339483,408845.4320579492,7774.807231851726,1,41543.220453626025
9019.14120041952,311457.5247331953,14780.273556450948,0,29790.751427232535
9049.024098618655,160064.27418543972,22549.609994602473,1,23944.399812234922
40914.161291337725,315708.95978290285,14477.389937739425,0,52886.36119745519
33594.66381411381,268250.3173167093,2206.411258691238,0,60037.844412841405
26630.205813686847,218780.85810628202,28754.799129152016,1,56649.12802010755
18582.693722051623,74048.08460269775,28310.36741327631,0,46907.2577321054
43982.826499842304,444436.0654678287,23663.091522878047,1,67436.455365895
20229.810263709132,230394.47792244804,29744.173096144506,1,53948.03794665664
41013.37253410728,105365.03079217488,16562.228817607756,0,67987.39150743559
22517.610519940703,190202.0819298719,28901.66633246958,1,56511.3062736585
19470.27704182047,212923.57873917423,2730.348698194148,1,47725.93017864972
23671.309497810715,415493.5688277684,11287.582073710453,0,47534.27458713557
15767.515834042963,369471.046475087,7148.747406199592,0,39534.65312761075
37632.8596286363,386959.3978842565,6277.075981960966,1,57400.18619244167
25633.299114531477,15405.319570037136,4653.6869923339445,0,54333.39221075231
12378.422062194048,213915.45910808313,18861.2024261969,1,39545.1181675702
45079.154090453856,245858.63430130857,23548.9947445455,1,64851.71317423896
19810.669847287358,19404.21564329778,17559.80278290064,0,52236.52643440684
27634.090194585442,137308.47228506676,4835.399932852185,0,53752.35341178886
45417.1334372628,382542.01332984614,24428.151213037392,0,72293.31014315723
31587.661799785612,77183.75580720954,19260.66386132999,0,67734.31687136422
6728.003994709839,272301.96441176994,11950.888330746368,1,40595.16243039195
47051.774057060284,115448.91728844638,20386.843718313856,1,67349.35527225626
31757.694600499475,15939.179575507704,8167.196887663569,0,65432.372236627605
17410.37511819722,128188.71422377533,10683.17015057921,0,50126.56123651102
7824.331560505976,488178.13990592636,27565.83237239371,1,32887.61217876148
39907.2342742445,402753.1848226649,9069.8829173069,1,56351.040363625245
31383.565040497164,480192.5557173064,14364.65391065913,1,59559.08522230979
27139.593506839756,249048.4815239176,26759.163553182432,1,56919.136117994654
44800.73656949693,63770.73735197672,21377.77983289206,0,73260.30462849425
39641.26335000201,278500.1495971095,2334.9951718587313,1,76271.41566424913
8432.069106904808,232644.89393438082,4845.439806229625,1,46567.77693902937
16274.381321981864,423734.97054241184,731.3269277715461,0,39558.26979149655
13175.96785090882,58060.46458427985,19112.19281176032,1,32955.102746657096
37453.36833606117,249238.1571406713,13706.36604960734,1,53930.91970938972
2643.0893020531894,83523.84570005229,4461.108101617128,0,29608.54915674805
28924.59455869451,169091.2041761294,28759.05657117473,0,43728.869137068534
38360.47560129384,371304.96792002185,16124.961856395787,0,60224.9101698281
43961.51620132572,243248.8833906956,7635.852176330231,1,74073.97128623977
17762.005687079465,194185.25972142696,15267.805349063872,1,54798.99133019935
41241.60792892863,203293.3764993173,20548.79981568568,0,68641.1035940283
6420.955110805154,235128.91651893346,2749.056930220152,0,40741.506907819305
42476.162294991394,394658.1064801579,8603.762543912813,1,62846.91574890105
7246.944454267138,447121.4975807149,24305.48198107781,0,38670.40232871766
20467.077237457997,478113.9963869249,14060.113676878507,0,39802.27840181683
40067.472923198125,395582.6592650946,16624.0256899527,0,59968.61212410654
8345.953940089916,164549.37891652624,13268.072065179344,1,38330.260002143186
12233.318366399433,347186.0059824057,1795.048307968651,1,31398.448367471028
36390.37585126025,224425.53078714205,5389.6185046946,1,52089.60003499576
36281.79029075764,134788.60480256507,13643.47834288578,1,62326.59030825552
32416.23401137957,422027.0739187021,6670.97122953387,1,63579.52916550733
35003.4737788879,28828.910991539247,1974.3813454605227,1,66793.23836164156
27593.49772403221,451863.3761463575,25387.6650895288,0,60990.11690485299
13338.153886440685,236123.95766611974,29445.179610341416,1,43833.21233886718
17939.103681692053,322228.7236360574,23897.714782903815,1,39855.70985112565
9898.288123269858,333083.4218808335,25686.655190287678,0,29826.14304883268
45514.07750534779,448607.6929462028,7638.325344352838,1,60427.14902976413
29586.197943539904,321968.1442619316,28838.495777639393,1,59799.77245842197
20641.719421418355,310827.45653243025,6309.3082813761375,0,50541.60565062934
23638.2843785625,42659.49987473808,28567.17940567405,0,48909.08720387717
47416.88364097895,264019.93075315,29847.169171995556,0,71871.42724291753
8514.21875268793,83582.81040035041,21495.82276950844,1,44449.932374146694
29725.261768823064,371342.5466735279,29443.740087858747,0,51950.22795589641
25788.545265338835,260988.74119821048,17301.42349722956,1,51763.65924328704
30961.257536297744,343311.6118120931,8156.482603694665,1,56843.08715794126
1887.399007221185,30419.721295168292,13391.378627135815,1,30308.942586191817
43734.07153826342,51548.08786244358,18010.047593674186,1,58888.54283135933
46673.79584169701,360998.4601507143,2655.9060797969423,0,76118.06725737668
28691.525995871238,45321.32463934995,18859.12630620876,0,66750.55962455958
35135.89036996772,44915.79660497671,29444.74618448769,1,68511.1701822475
46202.46967768749,15933.15286509485,6108.175668619965,0,80458.05476881124
35654.693081356534,478685.6851667453,23881.555930507307,1,75883.72046576216
8474.413102798806,371379.0961349134,27283.014416498772,1,46416.273335679885
29238.129648173846,183093.19016601142,28339.196988196512,1,52446.26631601379
30729.03727275994,155302.43483095107,28824.000329960694,0,56952.17043076683
21782.402893816914,181354.58257546628,15883.059342283423,1,50258.488109200334
37085.767545611416,389580.2302787791,29330.58328574936,1,62215.01160021158
46783.983723681726,334071.59942450305,22840.651110465948,0,77891.48952378752
46352.857132432044,100745.82825505928,5269.307368990376,0,85298.60189432581
23091.12919880247,95313.57431370133,14568.553140805114,0,65740.43014596538
6548.664246197008,58213.86835956469,21690.76967347412,0,39418.8793191797
49257.218749154395,333548.33265365567,7796.539316662958,1,68966.65840874425
42106.00623585077,384542.6044886506,19398.147914692177,0,76589.3354402229
7108.4713789600755,139872.749879252,20164.714131875266,1,45403.13909907153
46121.25224825124,20263.03090514728,5299.642442352694,0,68822.82179778701
43624.92174104429,50264.1170634494,17170.01671735631,0,78036.33263993778
26423.064799177533,484251.41707406496,23262.993873868927,0,65441.231119146425
29972.496351501533,154767.94096393592,15217.422103810286,0,62693.111911074746
20551.132489636384,386919.3424406855,857.0419448951691,0,51897.68844517376
3683.3203022795356,316085.14873858925,766.6348378391192,0,29632.164524866414
17424.664840649144,197150.423429919,11032.365647115359,1,32240.74710308235
40339.81898130256,110786.758475822,27822.72501873757,0,56460.192532843736
1226.96912722554,69479.34489810915,7245.964998306459,0,29457.06539364741
17341.459412866065,311356.35433904466,19213.728821714772,0,32069.992109689767
20510.265985956223,389570.5525125161,7051.238185452957,0,36545.262040801106
27332.384543958222,325513.08423515403,9989.264694956684,1,45605.01556435878
46072.92520422526,269848.0452920876,25517.24164324378,0,68875.43298640466
17970.9537239321,30556.09948150177,22001.41254696343,0,52408.67021713443
18000.706892915157,484559.50102124806,3314.2786807397138,0,44205.042001482376
37137.56115737767,401369.95391074155,13146.70961909979,0,59240.08215811886
23158.679103600552,153482.79798347273,1360.5080275353018,1,52778.72018265998
12005.636324059116,490185.4613858368,14686.259324788765,0,38394.996415389105
23169.536290501976,304921.9789217978,20041.80334518151,1,42367.03449819653
7901.993998610193,295387.1025215508,3995.827396145471,0,29085.51124770846
9642.962338804942,376555.8579204707,9022.105697820387,1,24185.71796265917
25420.020864234506,407767.1961641674,12236.180452313629,1,37512.87984556409
21527.347025722847,331674.5175924363,27626.165227353467,0,40283.786948504894
45827.4491523369,72766.91571943801,29801.022954977438,0,65969.34262658935
18757.301056715023,175751.07793730422,1824.8833203706677,1,51741.972370009695
29448.82916362413,464760.98375976435,22949.733743114066,1,55319.81534862898
31980.95010805699,120061.64980348744,11465.859958869125,0,59640.85778237148
1641.6283728283481,192361.84168038153,12077.51649376966,1,31462.05726401409
33513.33122881882,221717.67264265605,22750.81671373717,1,49244.35986082586
9723.76237661782,225308.44495028158,27593.579748289554,1,34345.94230703075
48092.4455560033,310340.3954223175,28552.393537825177,0,65265.41670951868
8284.473659902535,472107.1604949067,17525.116288130463,1,40917.18201466187
21316.582062624162,127939.42879792742,11035.074199364833,1,41775.1730699551
5182.133735853549,69535.67438744985,23732.69803283399,1,26069.720270831098
49846.83834045142,106760.54003136928,7904.540806237857,0,62881.698475866964
25607.555506230885,444593.20110254205,17140.183850588775,0,57048.40474416436
30173.865848682144,326447.29820105096,11078.064614983758,1,58698.068220764326
4286.747392032947,150094.32672718845,19870.616674382345,0,33635.781502415106
37748.063049559714,409814.00009462243,7591.767930358454,1,54565.95380076727
11285.374061683702,432071.2982180836,6151.99189917736,0,38568.350962067336
45004.66018259498,424792.02595823625,27588.053056925393,0,64288.83566362865
11051.842383618352,460274.00148338167,3503.2086470113386,1,43196.260215432674
10343.698312519662,133598.09988494718,15425.758278180483,0,31941.828420236
2790.9337245566494,379970.54508567636,7015.157097408764,0,18761.84793467465
24131.280310389964,235664.3536643286,1648.4339181071898,0,33512.20427772729
28677.215529868205,422579.2909161302,1562.5551395970786,1,45433.31766873185
4219.723331989266,366960.4318091905,5669.042277121906,0,26936.38216635519
39000.85321805552,390459.2487848651,26069.72545792701,0,52469.044301233116
23211.152902653354,331519.30046372506,8833.122947322287,1,49445.67505326991
26695.123197051424,96940.09704015637,28538.545531971224,0,51417.96072368638
22597.37459997318,277063.19025949977,17657.85764318121,0,48306.35496181637
20637.389982890974,492488.17236700904,13380.1185981786,0,44790.56746379916
28422.376234102678,469320.15258358826,17612.62062274891,0,50817.65996600226
8606.772050604912,31155.13054053572,15742.6023641749,0,34015.60203360605
9914.478394268284,90759.2597074242,22883.89948584109,1,26922.279411071308
43227.49542966235,74547.09899273534,8833.633946199141,1,56688.635135198
47359.657644548,365730.1558927948,10914.98655220892,0,75703.975212147
19292.156497707896,410714.8116299031,26875.781924730898,0,57144.14410378139
14266.488984034135,114620.56949222923,28420.46713793696,0,42838.56103592483
32555.97761871177,257867.8195463962,26830.467710850997,1,53975.25813667419
21027.974383806722,421944.483725488,12873.71582174075,1,48015.60345214381
2243.931427356898,369072.75693546276,23520.78233870301,0,26251.733153428802
8651.477270943327,275696.23069100565,14551.904132382415,0,21777.34384765773
36082.63921352248,299270.3683247987,15177.425638310015,1,46971.311137351346
33287.273153597416,259096.6679889772,6538.063217189877,0,56772.92872227309
2327.703632670691,155798.74114622208,17938.343946126235,1,30714.167993807238
11876.635934714523,286860.7765009179,5991.008983723764,1,27233.719931618143
12322.6650328155,347553.79800454446,10281.158622482217,0,25939.52499862457
33922.74443633769,437928.22877179575,25723.390947788088,1,46892.50693564997
1965.8163499638435,321782.7634498316,6608.736371720229,0,25412.06981778883
6101.3205172441185,382949.55315114744,2599.169412616268,0,18807.355426138532
40195.88818328628,88435.10112774077,2535.723982078081,0,49599.56589635555
9748.688440662347,236163.16246569704,28253.143354841683,0,34548.47138884012
32984.55928474186,14572.493715275716,15454.152919874121,0,50258.79497916192
12670.9562712896,130872.64361559528,12577.65611860204,0,37800.35376087056
5872.628245207913,365966.24040537234,24420.918139733592,1,24772.805125643194
12915.43735897325,495986.87616118806,25156.864873360224,1,25301.839921794846
36391.0796609273,58597.26879773579,10299.635476910336,1,49041.999621824725
42929.126937208,206732.21477203124,20961.73269547696,1,67450.12674812035
41680.77336378259,402034.77466258814,23248.123067630655,0,75405.83673784276
20461.992951304288,109977.46096816043,19812.195262545658,1,58164.91132022567
33736.17169196166,281991.62515812024,4972.054706602931,1,62818.627352074494
11044.230475375227,369204.93505454063,26338.550963753183,1,42453.544151412476
15364.23878278965,311832.8706274877,16403.289305712256,0,36591.01085849589
44920.45510753487,102132.11996155391,8832.936577915109,1,63215.96053678282
1637.0942520260658,184138.43865601232,13044.23147041197,0,33245.074520417475
5189.9180118689355,394057.97439784463,1608.3471667677677,1,21812.455272077674
11186.426502155338,281570.99192468816,4272.0706360613185,0,22092.654138194175
2300.077989817166,12562.51063602724,23083.629140217894,0,13346.405058914253
9890.336319400069,382885.47241376597,500.34322528330114,1,16563.538848857195
29569.036487514917,27302.563920717144,12788.69194022762,0,37850.80591194351
21649.8029790324,375409.55353830376,15914.050342024859,0,40575.20593500415
44740.91384277177,109215.47448096632,2111.715390028683,1,65028.516810273846
41054.7345251836,479456.0052584963,29205.80580768382,1,73568.99293032053
17749.05023319592,190290.9681380214,7170.697271865322,1,54533.546698356186
13711.748238133332,170196.49200565877,9473.862229270286,0,40978.52158731142
19604.92800019608,82955.14466289789,9466.304111523306,0,40094.18879385179
29924.452183225578,159746.06559020528,7297.2915324618225,0,49971.54658015147
14135.118400320936,439558.8732958183,543.4777515461868,1,39120.891690396675
31583.296484607567,498203.8254373512,22015.671425595894,0,51143.7423298059
21061.17095737078,190471.66994835567,29021.942244078917,0,46633.042122273735
28050.31186174703,229819.20916772584,7116.6577569088295,0,51366.8329228839
22370.199927630518,363814.7597193412,20059.89215820096,0,48053.61638907247
15428.822217553967,444235.9324278865,22385.941645282095,0,39455.630412090206
47474.21204114568,300591.72375152423,25528.54868317048,0,67202.02724719078
38416.68391382828,201847.59210713638,12967.561311901469,0,72017.69753742366
7865.545612556175,212184.70201582563,9436.461716392663,1,43874.39438126801
43554.93081899773,350852.89178343536,10096.206453679419,1,65492.128009631735
24884.128714226168,11576.949166096554,21522.32932640613,1,57630.19271904204
44833.05911781048,313598.77535532194,24594.994261916265,0,73648.1554773315
40192.90754141845,184191.57511626513,5857.6120488197785,0,77016.98528008419
21835.46171899244,399156.69232577126,11442.759740654074,1,60343.954359034535
2100.9961076857526,55565.41351333476,27107.235804099928,0,32272.97328720302
14165.190609862359,298219.11080471135,24297.45883099481,1,30301.67725346387
27540.07651838248,245676.71604420064,29553.322881493037,0,42690.91514511441
32040.432771481217,324739.50769356143,22750.323660621383,0,53385.890344038424
13636.496586226913,41778.26129665449,12099.258430323707,1,40329.441758246125
7828.447629568383,294192.0558397843,17923.816102841814,1,27993.168508691444
41911.58160316566,285127.4481001666,19999.92050029595,1,55908.16585751138
49235.706854474054,284723.4462639238,2814.4465813551565,1,77189.78978322975
26758.818932831604,305708.95663226285,16562.66029356402,1,65353.71382444647
9412.285006566872,341469.2892409175,21424.96443994198,0,42089.141918790105
14343.058999449078,404444.6098435772,5435.978468031281,0,35387.62995884413
1901.14315082587,142212.15286282502,23528.635664053934,0,19594.958130247935
45800.64152146445,414274.2109882304,17721.297025166292,1,55598.12058658842
6769.803061616915,254145.28430909227,28590.54267807904,1,34568.863354911125
29249.307300198423,47758.55677582227,1751.457797103305,1,46533.738977653986
14428.705813673094,38689.955329549804,8327.121057886276,1,37695.57530250009
28154.722123273878,173776.77616106978,18245.83943934481,1,47002.50977452392
32919.59902924135,394599.5187846191,9248.517410074955,1,56420.85391650331
41657.34838165288,356763.6580230487,21575.512840101645,0,69867.77533990453
11114.642316269557,396421.33268947917,22890.655834396963,0,46048.52998622182
1538.7956042655433,263461.8376563886,3524.2209399609965,0,24563.060597376454
7707.395873371556,225697.50899819037,15658.706694099648,0,19988.926172059782
45100.91345055715,82251.73808607913,15512.27138993615,0,55095.37653658704
43820.613800563246,170814.44926856266,11393.78272135846,1,71368.30206885676
30273.242006345106,222669.48942519887,28021.283445805326,1,65957.39304077349
30425.326161249017,53414.21054301244,24911.436436260024,1,63404.02268163576
33586.79705276652,118099.85682849352,21067.676766334283,1,65288.8083935844
9593.19265254903,303130.39409123204,21572.63575418243,1,42237.59684934123
45806.18535032303,370474.925977203,14120.626242487013,1,66924.98377499364
21519.755719711582,499190.2805825453,27669.33837234899,0,54982.2476072084
19773.787884225374,467225.53235834325,20990.56510397192,1,47264.911687829575
26426.96755885904,324856.9477722439,22004.941318846584,1,50059.42340277383
3301.332371977697,216411.54611409528,25919.881661726686,1,28331.04407336461
9147.88506904789,321726.908707034,8585.111885594633,1,23313.407105730195
37163.64720489215,394969.29285931366,24308.59166406774,0,48820.350757757245
5057.134728331197,67984.73355245979,6259.597787216515,0,29467.31010720982
30554.453363853023,210853.39595118124,10687.587591224192,1,45288.10841745793
13022.106374384726,421503.11996145244,10400.50840096036,0,35666.16058311369
20075.485088056852,198078.14644719157,29366.501317479648,0,37908.5653796137
15145.993101764294,290217.4129013214,25767.848100563842,1,34100.27579157114
18427.963106782507,298006.98682247713,21184.510916912663,1,35478.10100256807
36233.24935402803,100393.36403548329,21948.174467654007,1,53972.29985531206
15558.964065535576,187495.36640962132,17081.147434875846,1,42545.11399319161
28753.827374547964,173910.53148354674,28439.17467970131,1,50026.384371143766
24326.469707755885,22836.387180711747,15139.633210029666,0,49339.661893327764
33519.88710276976,21853.96430676407,11725.27244116189,1,58189.71804943364
46904.65722691314,417531.551401129,5309.542439481935,1,75999.51625162996
36896.03276330227,143804.69688667808,23693.066741701212,1,74895.79088911726
11532.07855094708,263858.5954570196,22166.09599622995,0,48979.97399550571
2527.973618002949,156375.5310584988,11838.473636461978,1,27017.960615755805
13850.938170691428,470932.83010651683,1243.205711797266,1,27359.91847856933
30158.818604312488,137055.41184422915,25250.421167681317,1,43838.777843597156
3519.864860728267,220531.8382420782,836.8305118951721,0,25439.253782526845
25321.94611286058,437637.8227374549,21259.143499057,1,38041.573004124
30245.299596927573,422547.44772798626,29122.58473691868,1,49266.086098989574
17377.95065003108,101189.69474467589,13411.009180372002,1,42010.99369952587
38774.69798354527,403295.2217998981,7431.715447380607,0,59780.19483330821
6223.314403554818,234511.5745015674,21293.69479627976,1,36113.41182020892
4681.7513050546295,246654.74732182405,24605.28018945976,1,22738.45721515909
36681.249053976564,75405.18648381246,16619.694324296495,1,48050.47766155611
25279.074494103726,49494.74174099108,29027.540620056312,0,49304.31332488178
34731.71742495907,366690.2604171449,2024.2272889098526,1,59383.87408739996
22306.539591583565,253265.96465409687,15391.47014998358,1,51998.47663528354
13073.699628716233,224056.84428143798,21694.391446015226,1,39072.937946358004
41136.013566035785,367459.0320396744,25947.89389890078,0,60672.48253921479
40171.378069479986,385101.3205056438,5788.040551279806,0,70507.61933908738
35040.12707186691,87865.00215798324,24100.1027120286,1,70293.93674141061
14335.111724268172,309010.3232440442,16804.858733697085,0,49482.08009497348
29921.302676585266,76323.50031606591,12198.333618703915,0,54662.342724072005
18687.720950061313,378173.7921542324,4385.59334308326,0,46018.89231209732
5487.521593005074,331908.02657089836,26026.224887812918,1,28496.967749053732
45948.365197649895,478741.1643308944,5139.559641301603,1,60196.84907217676
7704.112915029109,43789.42801464638,9638.741846668427,0,37802.53745111749
47561.63033721932,37956.81336411461,9056.343192891887,0,66462.89906277807
22854.282874939832,148271.66659966807,26206.714008630202,0,56085.73240632887
